{
	"id": "id-95",
	"name": "Tower",
	"rooms": [
		{
			"id": 0,
			"name": "In and out",
			"colors": [
				"#202020",
				"#9c4160",
				"#154b76",
				"#898989"
			],
			"columns": 15,
			"rows": 11,
			"tiles": {
				"bg": [0,0,0,0,0,0,0,0,0,0,0,0,0,0,0,0,0,0,16,0,0,0,0,0,16,0,16,0,0,0,0,0,0,16,0,0,0,0,0,16,0,16,0,0,0,0,0,0,0,0,0,0,0,0,16,0,16,0,0,0,0,0,16,0,44,44,0,0,0,16,44,0,0,0,0,0,0,0,0,0,0,0,0,0,0,0,0,0,0,0,0,0,6,6,5,16,0,0,0,16,4,6,6,0,0,0,0,6,6,0,16,0,0,0,0,0,6,6,0,0,6,6,6,6,0,0,0,0,0,0,0,6,6,6,6,6,6,6,6,0,0,0,0,0,0,0,6,6,6,6,0,0,0,0,0,0,0,0,0,0,0,0,0,0,0],
				"fg": [2,3,2,3,0,0,2,3,2,3,2,3,2,3,2,3,2,0,0,0,0,0,0,0,0,0,0,0,2,3,2,3,0,0,0,0,0,0,0,0,0,0,0,3,2,3,2,0,0,0,0,0,0,0,0,0,0,0,2,3,2,3,0,0,0,0,0,0,0,0,0,0,0,3,2,3,2,3,2,3,2,3,2,3,2,3,2,3,2,3,2,3,0,0,0,0,0,0,0,0,0,0,0,3,2,3,2,0,0,0,0,0,0,0,0,0,0,0,2,3,0,0,0,0,0,0,0,0,0,0,0,0,0,0,0,0,0,0,0,0,0,0,0,0,0,0,0,0,0,0,61,61,61,61,61,61,61,61,61,61,61,61,61,61,61]
			},
			"solids": [1,1,1,1,0,0,1,1,1,1,1,1,1,1,1,1,1,0,0,0,0,0,0,0,0,0,0,0,1,1,1,1,0,0,0,0,0,0,0,0,0,0,0,1,1,1,1,0,0,0,0,0,0,0,0,0,0,0,1,1,1,1,0,0,0,0,0,0,0,0,0,0,0,1,1,1,1,1,1,1,1,1,1,1,1,1,1,1,1,1,1,1,0,0,0,0,0,0,0,0,0,0,0,1,1,1,1,0,0,0,0,0,0,0,0,0,0,0,1,1,0,0,0,0,0,0,0,0,0,0,0,0,0,0,0,0,0,0,0,0,0,0,0,0,0,0,0,0,0,0,1,1,1,1,1,1,1,1,1,1,1,1,1,1,1],
			"actors": [
				{
					"id": "0.1588503509234",
					"x": 7,
					"y": 9,
					"type": "spawn",
					"w": 1,
					"h": 1,
					"properties": {
						"type": "stairs"
					}
				},
				{
					"id": "0.1588503514274",
					"x": 7,
					"y": 4,
					"type": "exit",
					"w": 1,
					"h": 1,
					"properties": {
						"name": "string"
					}
				}
			],
			"gridX": 1,
			"gridY": 1
		},
		{
			"id": 1,
			"name": "Spikes!",
			"colors": [
				"#202020",
				"#9c4160",
				"#154b76",
				"#898989"
			],
			"columns": 15,
			"rows": 11,
			"tiles": {
				"bg": [0,0,0,0,0,0,0,0,0,0,0,0,0,0,0,0,0,0,16,0,0,0,0,0,16,16,0,0,0,0,0,0,0,16,0,0,0,0,0,16,16,0,0,0,0,0,0,0,0,0,0,0,0,0,16,0,0,0,0,0,0,0,0,0,0,0,0,0,0,0,0,0,0,0,0,0,0,0,0,0,0,0,0,0,0,0,0,0,0,0,0,0,0,6,6,6,6,0,0,0,0,0,0,0,0,0,0,6,6,6,6,6,0,0,0,0,0,0,0,0,6,6,6,6,6,6,6,0,0,0,0,0,0,0,0,6,6,6,6,0,0,6,0,0,0,0,0,0,0,0,0,0,0,0,0,0,0,0,0,0,0,0,0,0,0],
				"fg": [2,3,2,3,0,0,2,3,2,3,2,3,2,3,2,3,2,0,0,0,0,0,0,0,0,0,0,0,0,3,2,3,0,0,28,28,0,0,0,0,0,0,0,0,2,3,2,0,0,0,0,28,28,0,0,0,0,0,0,3,2,3,0,0,0,0,0,0,0,0,0,0,0,0,2,3,2,3,2,3,2,3,2,3,2,3,0,3,2,3,2,3,0,0,0,0,0,0,0,0,0,0,0,0,2,3,2,0,0,0,0,0,0,0,0,0,0,0,0,3,0,0,0,0,0,0,0,0,0,0,0,0,0,0,2,0,0,0,0,0,0,0,0,0,0,0,0,0,0,3,61,61,61,61,61,61,61,61,61,61,61,61,61,61,61,null,null,null,null,null,null,null,null,null,null,null,null,null,null,3]
			},
			"solids": [1,1,1,1,0,0,0,0,0,0,0,0,0,0,1,1,1,0,0,0,0,0,0,0,0,2,2,2,0,1,1,1,0,0,2,2,0,2,2,2,2,2,0,0,1,1,1,0,0,0,0,2,2,0,0,0,0,0,0,1,1,1,0,0,0,0,0,0,0,0,0,0,0,0,1,1,1,1,1,1,1,1,1,1,1,1,3,1,1,1,1,1,0,0,0,0,0,0,0,0,0,3,0,0,1,1,1,0,0,0,0,0,0,0,0,0,3,0,0,1,0,0,0,0,0,0,0,0,0,0,0,3,0,0,1,0,0,0,0,0,0,0,0,0,0,0,3,0,0,1,1,1,1,1,1,1,1,1,1,1,1,1,1,1,1],
			"actors": [
				{
					"id": "1.1588503611638",
					"x": 2,
					"y": 6,
					"type": "pointy",
					"w": 1,
					"h": 1
				},
				{
					"id": "1.1588503612358",
					"x": 13,
					"y": 6,
					"type": "pointy",
					"w": 1,
					"h": 1
				},
				{
					"id": "1.1588503613238",
					"x": 13,
					"y": 9,
					"type": "pointy",
					"w": 1,
					"h": 1
				},
				{
					"id": "1.1588503618102",
					"x": 13,
					"y": 7,
					"type": "pointy",
					"w": 1,
					"h": 1
				},
				{
					"id": "1.1588503618350",
					"x": 13,
					"y": 8,
					"type": "pointy",
					"w": 1,
					"h": 1
				},
				{
					"id": "1.1588503620493",
					"x": 13,
					"y": 4,
					"type": "pointy",
					"w": 1,
					"h": 1
				},
				{
					"id": "1.1588503620966",
					"x": 13,
					"y": 3,
					"type": "pointy",
					"w": 1,
					"h": 1
				},
				{
					"id": "1.1588503621365",
					"x": 13,
					"y": 2,
					"type": "pointy",
					"w": 1,
					"h": 1
				},
				{
					"id": "1.1588503622070",
					"x": 13,
					"y": 1,
					"type": "pointy",
					"w": 1,
					"h": 1
				},
				{
					"id": "1.1588503622822",
					"x": 2,
					"y": 1,
					"type": "pointy",
					"w": 1,
					"h": 1
				},
				{
					"id": "1.1588503623229",
					"x": 2,
					"y": 2,
					"type": "pointy",
					"w": 1,
					"h": 1
				},
				{
					"id": "1.1588503623822",
					"x": 2,
					"y": 3,
					"type": "pointy",
					"w": 1,
					"h": 1
				},
				{
					"id": "1.1588503624485",
					"x": 2,
					"y": 4,
					"type": "pointy",
					"w": 1,
					"h": 1
				},
				{
					"id": "1.1588503625853",
					"x": 4,
					"y": 9,
					"type": "pointy",
					"w": 1,
					"h": 1
				},
				{
					"id": "1.1588503626149",
					"x": 5,
					"y": 9,
					"type": "pointy",
					"w": 1,
					"h": 1
				},
				{
					"id": "1.1588503627061",
					"x": 8,
					"y": 6,
					"type": "pointy",
					"w": 1,
					"h": 1
				},
				{
					"id": "1.1588503633781",
					"x": 9,
					"y": 6,
					"type": "pointy",
					"w": 1,
					"h": 1
				},
				{
					"id": "1.1588503775745",
					"x": 4,
					"y": 4,
					"type": "pointy",
					"w": 1,
					"h": 1
				},
				{
					"id": "1.1588503776105",
					"x": 5,
					"y": 4,
					"type": "pointy",
					"w": 1,
					"h": 1
				}
			],
			"gridX": 2,
			"gridY": 1
		},
		{
			"id": 2,
			"name": "Redstone",
			"colors": [
				"#202020",
				"#9c4160",
				"#154b76",
				"#898989"
			],
			"columns": 15,
			"rows": 11,
			"tiles": {
				"bg": [0,0,0,0,0,0,0,0,0,0,0,0,0,0,0,0,0,0,0,0,0,0,0,3,2,3,2,3,0,0,0,0,0,0,0,0,0,0,2,3,2,3,0,0,0,0,0,0,0,0,0,0,0,3,2,3,2,3,0,0,0,0,0,0,0,0,0,0,2,3,0,0,2,0,0,0,0,0,0,0,0,0,0,0,0,0,0,0,0,0,0,0,2,3,2,3,2,3,2,3,2,3,0,0,0,0,0,3,2,3,2,3,2,3,2,3,0,0,0,0,6,6,0,0,2,3,2,3,2,3,0,0,0,0,0,6,6,0,0,0,2,3,2,3,2,3,2,3,0,0,0,0,0,0,0,0,0,0,0,0,0,0,0,0,0],
				"fg": [2,3,2,3,0,0,2,3,2,3,2,3,2,3,2,3,2,0,0,0,0,0,2,0,0,0,0,0,2,3,2,3,0,0,0,0,0,3,0,0,0,0,0,3,2,3,2,0,0,0,0,0,2,0,0,0,2,3,2,3,2,3,0,0,0,0,0,0,0,0,2,3,2,3,2,3,2,3,2,3,2,3,2,3,2,3,2,3,2,3,2,3,0,0,0,0,0,0,0,0,0,0,0,3,2,3,2,0,0,0,0,0,0,0,0,0,0,0,2,3,2,3,0,0,0,0,0,0,0,0,0,0,0,0,0,3,2,0,0,0,0,0,0,0,0,0,0,0,0,0,61,61,61,61,61,61,61,61,61,61,61,61,61,61,61]
			},
			"solids": [1,1,1,1,0,0,1,1,1,1,1,1,1,1,1,1,1,0,0,0,0,0,1,0,0,0,0,0,1,1,1,1,0,0,0,0,0,1,0,0,0,0,0,1,1,1,1,0,0,0,0,0,1,0,0,0,0,0,1,1,1,1,0,0,0,0,0,0,0,0,0,0,0,1,1,1,1,1,1,1,1,1,1,1,1,1,1,1,1,1,1,1,0,0,0,0,0,0,0,0,0,0,0,1,1,1,1,0,0,0,0,0,0,0,0,0,0,0,1,1,1,1,0,0,0,0,0,0,0,0,0,0,0,0,0,1,1,0,0,0,0,0,0,0,0,0,0,0,0,0,1,1,1,1,1,1,1,1,1,1,1,1,1,1,1],
			"actors": [
				{
					"id": "2.1588503984170",
					"x": "3",
					"y": "9",
					"type": "key",
					"w": "1",
					"h": "1",
					"properties": {
						"flavour": "NONE"
					}
				},
				{
					"id": "2.1588503991498",
					"x": "7",
					"y": "4",
					"type": "door",
					"w": "1",
					"h": "1",
					"properties": {
						"color": "NONE"
					}
				},
				{
					"id": "2.1588504074030",
					"x": "12",
					"y": "2",
					"type": "teleport",
					"w": "1",
					"h": "1",
					"properties": {
						"target": "(room id)",
						"tileX": "5",
						"tileY": "10",
						"visible": "false",
						"color": "#ffffff"
					}
				}
			],
			"gridX": 0,
			"gridY": 1
		},
		{
			"id": 3,
			"name": "Room 3 name",
			"colors": [
				"#202020",
				"#9c4160",
				"#154b76",
				"#898989"
			],
			"columns": 15,
			"rows": 11,
			"tiles": {
				"bg": [0,0,0,0,0,0,0,0,0,0,0,0,0,0,0,0,0,0,0,0,16,16,0,0,16,0,0,16,0,0,0,0,0,0,0,0,16,0,0,16,0,0,16,0,0,0,0,0,0,0,0,0,0,0,16,0,0,16,0,0,0,0,0,0,16,0,0,0,0,16,0,0,16,0,0,0,0,0,16,16,0,0,0,0,16,0,0,16,0,0,0,0,0,0,16,0,0,0,0,0,0,0,16,0,0,0,0,0,0,0,16,0,0,0,0,0,0,16,0,0,0,0,0,0,0,0,0,0,0,0,0,0,16,0,0,0,0,0,0,0,0,0,0,0,0,0,0,16,0,0,0,0,0,0,0,0,0,0,0,0,0,0,0,0,0],